radeg,raerr("),decdeg,decerr("),Johnson_V (V),Verr,Vnobs,Johnson_B (B),Berr,Bnobs,Sloan_u (SU),SUerr,SUnobs,Sloan_g (SG),SGerr,SGnobs,Sloan_r (SR),SRerr,SRnobs,Sloan_i (SI),SIerr,SInobs,Sloan_z (SZ),SZerr,SZnobs,PanSTARRS_Y (Y),Yerr,Ynobs
154.388481,0.498,19.914321,0.491,16.91,0.134,1,18.362,0.29,1,NA,NA,0,17.624,0.124,4,16.846,0.158,4,16.481,0.104,2,NA,NA,0,NA,NA,0
154.396414,0.488,19.79792,0.466,16.705,0.111,1,18.138,0.232,1,NA,NA,0,17.699,0.241,4,16.309,0.076,4,15.104,0.062,4,NA,NA,0,NA,NA,0
154.400546,0.387,19.796576,0.373,16.857,0.067,2,17.639,0.248,2,NA,NA,0,17.28,0.189,4,16.517,0.056,4,16.051,0.047,4,NA,NA,0,NA,NA,0
154.403382,0.34,19.898415,0.361,16.002,0.082,5,16.849,0.131,5,NA,NA,0,16.377,0.133,4,15.768,0.046,4,15.482,0.127,4,NA,NA,0,NA,NA,0
154.405686,0.461,19.800032,0.344,15.925,0.029,4,16.954,0.165,4,NA,NA,0,16.414,0.174,5,15.498,0.05,5,15.251,0.115,5,NA,NA,0,NA,NA,0
154.406421,0.421,19.833395,0.341,15.125,0.032,5,15.778,0.105,5,NA,NA,0,15.407,0.109,5,14.979,0.05,5,14.829,0.087,5,NA,NA,0,NA,NA,0
154.407559,0.382,19.849905,0.22,15.109,0.027,5,15.617,0.087,5,NA,NA,0,15.343,0.115,5,14.993,0.09,5,14.818,0.053,5,NA,NA,0,NA,NA,0
154.412971,0.497,19.917475,0.593,NA,NA,0,NA,NA,0,NA,NA,0,17.986,0.213,4,16.611,0.066,4,15.969,0.093,4,NA,NA,0,NA,NA,0
154.428113,0.364,20.038113,0.489,13.737,0.018,3,14.824,0.146,3,NA,NA,0,14.268,0.134,3,13.302,0.01,3,12.94,0.04,3,12.647,0.094,3,NA,NA,0
154.432499,0.212,20.062335,0.261,NA,NA,0,NA,NA,0,NA,NA,0,17.833,0.116,1,17.12,0.147,1,NA,NA,0,NA,NA,0,NA,NA,0
154.43383,0.535,19.699325,0.155,16.391,0.047,3,17.688,0.112,3,NA,NA,0,17.04,0.159,3,15.777,0.001,3,15.208,0.092,3,NA,NA,0,NA,NA,0
154.43835,0.498,19.699673,0.221,NA,NA,0,NA,NA,0,NA,NA,0,17.934,0.194,2,16.542,0.017,2,15.604,0.114,2,NA,NA,0,NA,NA,0
154.440244,0.348,20.003465,0.15,7.9,0.2,3,9.543,0.133,3,NA,NA,0,8.815,0.138,3,7.513,0.011,3,6.769,0.063,3,6.381,0.123,3,NA,NA,0
154.441957,0.563,19.934615,0.255,16.604,0.039,3,17.096,0.151,3,NA,NA,0,16.861,0.155,3,16.483,0.037,3,16.601,0.263,1,NA,NA,0,NA,NA,0
154.44213,0.319,19.844877,0.442,NA,NA,0,NA,NA,0,NA,NA,0,17.862,0.235,3,16.597,0.097,3,16.248,0.058,3,NA,NA,0,NA,NA,0
154.450793,0.399,20.039753,0.407,17.277,0.091,2,17.927,0.078,2,NA,NA,0,17.618,0.132,3,17.369,0.152,3,NA,NA,0,NA,NA,0,NA,NA,0
154.459635,0.957,19.847536,0.181,NA,NA,0,NA,NA,0,NA,NA,0,18.11,0.003,2,16.659,0.023,2,15.655,0.122,2,NA,NA,0,NA,NA,0
154.462705,0.649,20.021073,0.349,16.518,0.005,2,17.46,0.136,2,NA,NA,0,16.965,0.056,1,NA,NA,0,15.691,0.122,1,NA,NA,0,NA,NA,0
154.477277,0.098,19.799226,0.066,NA,NA,0,NA,NA,0,NA,NA,0,NA,NA,0,16.895,0.12,1,16.137,0.168,1,NA,NA,0,NA,NA,0
154.483372,0.282,19.816273,0.241,16.564,0.046,2,17.537,0.072,2,NA,NA,0,16.936,0.017,2,16.219,0.064,2,15.935,0.024,2,NA,NA,0,NA,NA,0
154.486595,0.365,19.838634,0.272,16.683,0.062,2,17.5,0.049,2,NA,NA,0,16.986,0.084,2,16.467,0.026,2,16.211,0.052,2,NA,NA,0,NA,NA,0
154.487656,0.637,20.06677,0.547,17.057,0.023,2,17.663,0.245,2,NA,NA,0,17.237,0.095,2,16.782,0.001,2,16.49,0.215,1,NA,NA,0,NA,NA,0
154.487898,0.738,19.965659,0.415,14.957,0.016,3,15.619,0.432,3,NA,NA,0,15.425,0.022,2,14.638,0.015,2,14.38,0.004,2,NA,NA,0,NA,NA,0
154.494782,0.289,19.656355,0.264,15.942,0.005,2,17.324,0.181,2,NA,NA,0,16.736,0.016,2,15.308,0.01,2,13.838,0.003,2,NA,NA,0,NA,NA,0
154.495262,0.304,19.627003,0.245,16.273,0.136,2,17.13,0.124,2,NA,NA,0,16.701,0.019,2,15.899,0.023,2,15.596,0.046,2,NA,NA,0,NA,NA,0
154.499042,0.465,20.151483,0.352,17.507,0.202,1,17.872,0.183,1,NA,NA,0,17.737,0.106,1,17.03,0.137,1,NA,NA,0,NA,NA,0,NA,NA,0
154.506121,0.147,20.035544,0.19,13.392,0.015,3,13.847,0.384,3,NA,NA,0,13.816,0.44,3,13.219,0.007,2,12.893,0.373,3,13.134,0.149,3,NA,NA,0
154.511965,0.262,19.640348,0.168,15.324,0.036,3,16.101,0.408,3,NA,NA,0,15.803,0.018,2,14.951,0.025,2,14.64,0.015,2,NA,NA,0,NA,NA,0
154.515527,0.341,20.162713,0.712,NA,NA,0,NA,NA,0,NA,NA,0,17.966,0.2,1,17.307,0.21,1,NA,NA,0,NA,NA,0,NA,NA,0
154.517947,0.295,20.0901,0.307,15.95,0.138,2,17.704,0.187,2,NA,NA,0,16.752,0.018,2,15.415,0.003,2,14.088,0.008,2,NA,NA,0,NA,NA,0
154.518054,0.262,19.795623,0.166,15.526,0.023,3,15.946,0.434,3,NA,NA,0,15.89,0.014,2,15.305,0.026,2,15.131,0.085,2,NA,NA,0,NA,NA,0
154.51836,0.241,19.616511,0.243,12.696,0.024,3,13.096,0.39,3,NA,NA,0,13.296,0.421,3,12.523,0.001,2,12.293,0.348,3,12.316,0.124,3,NA,NA,0
154.519352,0.195,19.590159,0.221,12.562,0.023,3,12.96,0.406,3,NA,NA,0,13.144,0.394,3,12.378,0.004,2,12.128,0.309,3,12.083,0.082,3,NA,NA,0
154.52026,0.525,20.000228,0.403,16.632,0.027,2,17.783,0.011,2,NA,NA,0,17.276,0.111,2,16.199,0.062,2,15.749,0.008,2,NA,NA,0,NA,NA,0
154.520282,0.326,19.889159,0.512,13.94,0.025,3,14.522,0.389,3,NA,NA,0,14.551,0.468,3,13.268,0.575,3,13.241,0.38,3,13.17,0.041,3,NA,NA,0
154.524328,0.316,19.904668,0.533,15.864,0.054,1,16.883,0.102,1,NA,NA,0,16.295,0.041,1,15.525,0.041,1,15.097,0.07,1,NA,NA,0,NA,NA,0
154.527047,0.243,20.043644,0.445,17.061,0.06,2,17.775,0.135,2,NA,NA,0,17.475,0.005,2,16.921,0.143,2,NA,NA,0,NA,NA,0,NA,NA,0
154.527564,0.417,19.90459,0.419,15.832,0.026,2,16.731,0.087,1,NA,NA,0,16.108,0.035,1,15.685,0.045,1,15.379,0.088,1,NA,NA,0,NA,NA,0
154.529536,0.307,19.797231,0.157,15.983,0.03,2,17.027,0.014,2,NA,NA,0,16.478,0.014,2,15.657,0.006,2,15.373,0.044,2,NA,NA,0,NA,NA,0
154.529612,0.473,19.52052,0.414,15.067,0.02,3,15.555,0.434,3,NA,NA,0,15.431,0.01,2,14.784,0.018,2,14.487,0.023,2,NA,NA,0,NA,NA,0
154.530047,0.212,19.774104,0.145,16.486,0.016,2,17.353,0.045,2,NA,NA,0,16.9,0.005,2,16.218,0.061,2,15.988,0.138,1,NA,NA,0,NA,NA,0
154.530987,0.313,19.878782,0.412,16.737,0.009,2,17.203,0.117,2,NA,NA,0,17.142,0.076,2,16.576,0.072,2,16.635,0.026,2,NA,NA,0,NA,NA,0
154.535206,0.96,20.040201,0.161,NA,NA,0,NA,NA,0,NA,NA,0,18.517,0.206,1,16.989,0.134,1,15.739,0.127,1,NA,NA,0,NA,NA,0
154.537052,0.333,19.746556,0.148,16.05,0.019,2,16.768,0.117,2,NA,NA,0,16.361,0.043,2,15.873,0.017,2,15.775,0.002,2,NA,NA,0,NA,NA,0
154.540299,0.291,19.77325,0.211,16.334,0.064,2,16.998,0.051,2,NA,NA,0,16.72,0.071,2,16.226,0.07,2,16.109,0.059,2,NA,NA,0,NA,NA,0
154.544109,0.418,20.17757,0.277,15.766,0.066,3,16.413,0.295,3,NA,NA,0,16.143,0.03,2,15.633,0.037,2,15.372,0.035,2,NA,NA,0,NA,NA,0
154.549901,0.505,19.756613,0.425,14.992,0.025,3,15.239,0.327,3,NA,NA,0,15.225,0.016,2,14.894,0.041,2,14.784,0.003,2,NA,NA,0,NA,NA,0
154.551413,0.141,19.717387,0.102,9.667,0.157,3,10.401,0.086,5,NA,NA,0,10.122,0.107,5,9.599,0.074,3,9.434,0.091,3,9.392,0.112,3,NA,NA,0
154.553659,0.274,19.596475,0.178,16.734,0.097,1,17.909,0.183,1,NA,NA,0,17.458,0.048,2,16.317,0.023,2,15.98,0.154,2,NA,NA,0,NA,NA,0
154.556838,0.504,19.612047,0.345,17.36,0.167,1,17.803,0.166,1,NA,NA,0,17.424,0.103,2,17.067,0.062,2,NA,NA,0,NA,NA,0,NA,NA,0
154.562044,0.426,19.970729,0.315,16.496,0.022,2,17.099,0.098,2,NA,NA,0,16.8,0.065,2,16.342,0.089,2,16.126,0.029,2,NA,NA,0,NA,NA,0
154.564058,0.281,19.91009,0.169,NA,NA,0,NA,NA,0,NA,NA,0,17.771,0.093,2,16.599,0.091,2,16.013,0.094,2,NA,NA,0,NA,NA,0
154.564801,0.087,20.228655,0.674,NA,NA,0,NA,NA,0,NA,NA,0,17.741,0.166,1,17.365,0.225,1,NA,NA,0,NA,NA,0,NA,NA,0
154.571348,0.489,20.151441,0.413,14.573,0.036,3,15.444,0.419,3,NA,NA,0,15.193,0.399,3,13.808,0.531,3,13.688,0.398,3,13.769,0.241,1,NA,NA,0
154.573047,0.458,20.11653,0.301,14.056,0.035,3,14.653,0.365,3,NA,NA,0,14.506,0.495,3,13.837,0.005,2,13.512,0.422,3,13.582,0.22,2,NA,NA,0
154.575992,0.571,20.092121,0.368,15.682,0.068,3,16.393,0.319,3,NA,NA,0,16.101,0.002,2,15.373,0.006,2,15.17,0.017,2,NA,NA,0,NA,NA,0
154.576407,0.345,19.849421,0.239,15.318,0.034,3,15.656,0.386,3,NA,NA,0,15.574,0.047,2,15.118,0.005,2,15.028,0.05,2,NA,NA,0,NA,NA,0
154.577742,0.118,19.709241,0.311,15.898,0.065,2,17.333,0.097,2,NA,NA,0,16.686,0.016,2,15.215,0.016,2,14.292,0.008,2,NA,NA,0,NA,NA,0
154.579891,0.219,19.574536,0.186,15.991,0.013,3,16.519,0.439,3,NA,NA,0,16.465,0.048,2,15.753,0.043,2,15.441,0.087,2,NA,NA,0,NA,NA,0
154.580716,0.474,19.625967,0.344,13.601,0.024,3,14.077,0.416,3,NA,NA,0,14.11,0.385,3,13.416,0.001,2,13.16,0.349,3,13.16,0.209,3,NA,NA,0
154.582538,0.722,19.535322,0.35,16.763,0.198,2,17.593,0.324,2,NA,NA,0,17.138,0.059,2,16.571,0.013,2,16.148,0.07,2,NA,NA,0,NA,NA,0
154.583457,0.538,20.049624,0.415,16.003,0.015,3,16.581,0.303,3,NA,NA,0,16.347,0.061,2,15.97,0.011,2,15.718,0.116,2,NA,NA,0,NA,NA,0
154.58363,0.592,20.261867,0.361,15.815,0.043,2,17.241,0.046,2,NA,NA,0,16.567,0.06,2,15.505,0.016,2,15.144,0.046,2,NA,NA,0,NA,NA,0
154.583929,0.424,20.022416,0.306,16.597,0.089,1,17.758,0.17,1,NA,NA,0,17.17,0.037,2,16.339,0.088,2,16,0.1,2,NA,NA,0,NA,NA,0
154.591826,0.296,19.928219,0.474,NA,NA,0,NA,NA,0,NA,NA,0,17.083,0.011,2,16.291,0.063,2,15.898,0.135,1,NA,NA,0,NA,NA,0
154.592826,0.464,19.797353,0.698,NA,NA,0,NA,NA,0,NA,NA,0,18.34,0.175,1,17.095,0.141,1,NA,NA,0,NA,NA,0,NA,NA,0
154.59518,0.496,19.92724,0.678,16.204,0.021,3,16.635,0.266,3,NA,NA,0,16.487,0.086,2,16.033,0.024,2,15.705,0.035,2,NA,NA,0,NA,NA,0
154.596046,0.319,19.948943,0.259,16.315,0.042,2,17.456,0.043,2,NA,NA,0,16.731,0.06,2,15.919,0.021,2,15.654,0.017,2,NA,NA,0,NA,NA,0
154.596611,0.417,19.579491,0.458,17.056,0.131,1,18.427,0.277,1,NA,NA,0,17.654,0.044,2,16.969,0.056,2,16.844,0.281,1,NA,NA,0,NA,NA,0
154.598261,0.565,20.260525,0.351,NA,NA,0,NA,NA,0,NA,NA,0,17.268,0.071,1,16.249,0.074,1,15.72,0.124,1,NA,NA,0,NA,NA,0
154.600262,0.31,19.824595,0.326,13.782,0.026,3,14.25,0.361,3,NA,NA,0,14.344,0.552,3,13.134,0.652,3,13.246,0.441,3,13.442,0.179,3,NA,NA,0
154.60056,0.241,19.956526,0.404,16.409,0.032,2,17.605,0.065,2,NA,NA,0,17.083,0.077,2,15.996,0.046,2,15.639,0.048,2,NA,NA,0,NA,NA,0
154.603127,0.668,20.118893,0.701,17.167,0.141,1,17.671,0.157,1,NA,NA,0,17.401,0.101,2,16.686,0.107,2,NA,NA,0,NA,NA,0,NA,NA,0
154.606185,0.619,19.778199,0.284,16.913,0.034,2,17.61,0.066,2,NA,NA,0,17.101,0.288,3,16.456,0.039,3,16.194,0.197,2,NA,NA,0,NA,NA,0
154.606673,0.263,19.809933,0.355,14.852,0.023,3,15.368,0.357,3,NA,NA,0,15.133,0.19,3,14.654,0.066,3,14.449,0.015,3,NA,NA,0,NA,NA,0
154.609623,0.238,19.589755,0.332,NA,NA,0,NA,NA,0,NA,NA,0,17.904,0.011,2,16.867,0.034,2,NA,NA,0,NA,NA,0,NA,NA,0
154.611132,0.251,19.878583,0.161,13.078,0.046,5,13.501,0.278,5,NA,NA,0,13.337,0.493,5,12.87,0.054,4,12.597,0.313,5,12.678,0.114,3,NA,NA,0
154.611291,0.578,20.073838,0.501,15.503,0.022,6,16.514,0.341,6,NA,NA,0,16.085,0.154,5,14.976,0.058,5,14.56,0.069,5,NA,NA,0,NA,NA,0
154.612413,0.494,19.908143,0.679,15.86,0.064,5,16.6,0.248,5,NA,NA,0,16.186,0.18,5,15.604,0.046,5,15.257,0.06,5,NA,NA,0,NA,NA,0
154.612803,0.479,19.548923,0.397,16.671,0.093,1,18.492,0.305,1,NA,NA,0,17.673,0.068,2,16.267,0.034,2,15.541,0.081,2,NA,NA,0,NA,NA,0
154.613761,0.224,20.273399,0.111,11.267,0.145,7,12.634,0.325,6,NA,NA,0,12.09,0.449,6,10.824,0.046,8,10.307,0.047,8,10.08,0.165,3,NA,NA,0
154.618672,0.445,19.990995,0.766,NA,NA,0,NA,NA,0,NA,NA,0,18.107,0.217,2,17.043,0.082,2,NA,NA,0,NA,NA,0,NA,NA,0
154.621475,0.407,20.142752,0.336,14.865,0.044,6,15.569,0.244,6,NA,NA,0,15.227,0.148,5,14.513,0.061,5,14.24,0.058,5,NA,NA,0,NA,NA,0
154.625875,0.272,19.57973,0.397,16.178,0.058,3,16.877,0.076,3,NA,NA,0,16.424,0.207,4,15.889,0.07,4,15.792,0.088,4,NA,NA,0,NA,NA,0
154.629818,0.481,19.540387,0.345,16.883,0.093,2,17.356,0.12,2,NA,NA,0,16.941,0.187,5,16.594,0.242,5,16.37,0.188,4,NA,NA,0,NA,NA,0
154.630103,0.598,20.19568,0.608,16.208,0.134,5,16.695,0.148,5,NA,NA,0,16.412,0.119,5,16.099,0.07,5,15.945,0.157,5,NA,NA,0,NA,NA,0
154.630229,0.557,19.728425,0.737,16.511,0.024,2,17.528,0.012,2,NA,NA,0,17,0.129,4,16.159,0.085,4,15.754,0.071,4,NA,NA,0,NA,NA,0
154.630498,0.437,19.73294,0.43,16.535,0.084,2,17.15,0.206,2,NA,NA,0,17.003,0.107,2,16.219,0.024,2,16.033,0.145,2,NA,NA,0,NA,NA,0
154.634203,0.689,19.999872,0.723,NA,NA,0,NA,NA,0,NA,NA,0,17.912,0.046,2,17.162,0.179,2,16.115,0.192,1,NA,NA,0,NA,NA,0
154.637411,0.335,19.491306,0.313,14.559,0.045,6,15.212,0.226,6,NA,NA,0,15.054,0.444,6,14.287,0.064,5,14.028,0.274,6,NA,NA,0,NA,NA,0
154.640901,0.398,20.039481,0.647,15.324,0.067,6,16.384,0.296,6,NA,NA,0,15.869,0.074,5,14.776,0.039,5,14.322,0.054,5,NA,NA,0,NA,NA,0
154.641204,0.218,20.233872,0.112,10.339,0.102,9,10.799,0.21,8,NA,NA,0,10.657,0.383,9,10.229,0.043,8,10.143,0.06,8,10.173,0.163,3,NA,NA,0
154.643483,0.716,19.672177,0.548,NA,NA,0,NA,NA,0,NA,NA,0,18.078,0.143,1,16.854,0.114,1,16.766,0.273,1,NA,NA,0,NA,NA,0
154.646116,0.324,19.501886,0.356,15.719,0.073,6,16.061,0.322,6,NA,NA,0,15.842,0.187,5,15.518,0.083,5,15.392,0.083,5,NA,NA,0,NA,NA,0
154.648637,0.514,19.534287,0.502,16.324,0.003,2,17.545,0.15,2,NA,NA,0,16.919,0.198,3,15.974,0.019,3,15.507,0.01,3,NA,NA,0,NA,NA,0
154.656976,0.55,20.230465,0.516,NA,NA,0,NA,NA,0,NA,NA,0,17.314,0.256,5,15.874,0.047,5,15.131,0.092,5,NA,NA,0,NA,NA,0
154.66194,0.178,19.963241,0.178,12.94,0.04,6,13.623,0.257,6,NA,NA,0,13.352,0.45,6,12.69,0.047,5,12.379,0.299,6,12.488,0.152,3,NA,NA,0
154.66204,0.299,19.744598,0.415,NA,NA,0,NA,NA,0,NA,NA,0,18.56,0.224,1,17.623,0.226,1,NA,NA,0,NA,NA,0,NA,NA,0
154.664188,0.492,19.895238,0.433,15.276,0.064,6,15.78,0.232,6,NA,NA,0,15.544,0.149,5,15.116,0.064,5,14.994,0.055,5,NA,NA,0,NA,NA,0
154.665587,0.7,20.06863,0.415,16.648,0.059,2,17.22,0.043,2,NA,NA,0,16.816,0.209,4,16.423,0.093,5,16.115,0.235,3,NA,NA,0,NA,NA,0
154.665814,0.736,20.261997,0.659,16.104,0.092,6,16.835,0.229,6,NA,NA,0,16.512,0.153,5,15.719,0.025,5,15.326,0.171,5,NA,NA,0,NA,NA,0
154.668883,0.716,19.667521,0.297,NA,NA,0,NA,NA,0,NA,NA,0,17.788,0.109,1,16.867,0.106,1,16.341,0.19,1,NA,NA,0,NA,NA,0
154.675215,0.398,19.920303,0.333,13.749,0.037,6,14.245,0.268,6,NA,NA,0,14.054,0.422,6,13.547,0.063,5,13.329,0.288,6,13.416,0.216,3,NA,NA,0
154.677014,0.473,19.706402,0.569,NA,NA,0,NA,NA,0,NA,NA,0,18.371,0.035,2,16.88,0.077,2,15.604,0.178,2,NA,NA,0,NA,NA,0
154.678566,0.715,19.687773,0.341,16.62,0.087,1,17.717,0.152,1,NA,NA,0,17.123,0.254,4,16.262,0.038,4,15.83,0.103,4,NA,NA,0,NA,NA,0
154.680927,0.234,19.645826,0.41,NA,NA,0,NA,NA,0,NA,NA,0,18.044,0.027,2,17.026,0.004,2,16.209,0.214,2,NA,NA,0,NA,NA,0
154.682728,0.335,19.862495,0.365,14.514,0.034,6,14.851,0.222,6,NA,NA,0,14.781,0.493,6,14.38,0.055,5,14.188,0.348,6,NA,NA,0,NA,NA,0
154.683286,0.369,19.568452,0.097,NA,NA,0,NA,NA,0,NA,NA,0,18.004,0.128,1,17.01,0.129,1,15.961,0.141,1,NA,NA,0,NA,NA,0
154.683651,0.606,19.877639,0.289,15.475,0.051,6,16.064,0.275,6,NA,NA,0,15.782,0.135,5,15.199,0.038,5,15.125,0.062,5,NA,NA,0,NA,NA,0
154.686282,0.22,19.456892,0.162,NA,NA,0,NA,NA,0,NA,NA,0,17.802,0.005,2,16.876,0.251,2,NA,NA,0,NA,NA,0,NA,NA,0
154.690296,0.342,19.982223,0.387,15.517,0.049,6,15.949,0.243,6,NA,NA,0,15.711,0.123,5,15.35,0.036,5,15.136,0.053,5,NA,NA,0,NA,NA,0
154.691685,1.116,20.030729,1.332,NA,NA,0,NA,NA,0,NA,NA,0,17.189,0.172,2,16.546,0.109,1,16.31,0.29,2,NA,NA,0,NA,NA,0
154.692043,0.502,19.787776,0.572,16.697,0.063,2,17.649,0.097,2,NA,NA,0,17.223,0.3,4,16.476,0.074,4,16.044,0.172,4,NA,NA,0,NA,NA,0
154.694868,0.805,20.052253,0.539,16.246,0.1,4,17.192,0.13,4,NA,NA,0,16.587,0.181,5,15.978,0.07,5,15.603,0.103,5,NA,NA,0,NA,NA,0
154.6953,0.287,19.693695,0.378,15.154,0.08,5,15.701,0.32,5,NA,NA,0,15.409,0.156,5,14.905,0.052,5,14.733,0.062,5,NA,NA,0,NA,NA,0
154.696758,0.454,19.411633,0.329,15.945,0.046,4,17.219,0.175,4,NA,NA,0,16.51,0.262,5,15.329,0.049,5,14.686,0.069,5,NA,NA,0,NA,NA,0
154.696813,0.811,20.273644,0.844,17.007,0.136,1,17.663,0.162,1,NA,NA,0,17.138,0.181,5,16.424,0.152,5,16.349,0.067,3,NA,NA,0,NA,NA,0
154.702883,0.455,19.72451,0.526,NA,NA,0,NA,NA,0,NA,NA,0,17.722,0.109,2,16.909,0.031,2,NA,NA,0,NA,NA,0,NA,NA,0
154.706628,0.246,19.940948,0.269,13.797,0.042,6,14.415,0.26,6,NA,NA,0,14.176,0.445,6,13.579,0.055,5,13.307,0.291,6,13.427,0.151,3,NA,NA,0
154.711569,0.214,19.719918,0.145,13.04,0.035,6,13.405,0.221,6,NA,NA,0,13.406,0.453,6,12.9,0.052,5,12.708,0.281,6,12.825,0.197,3,NA,NA,0
154.712253,0.321,19.625147,0.512,15.595,0.035,6,16.406,0.198,6,NA,NA,0,16.047,0.147,5,15.24,0.059,5,15.069,0.077,5,NA,NA,0,NA,NA,0
154.712255,0.779,19.663435,0.623,16.969,0.02,2,17.726,0.168,2,NA,NA,0,17.257,0.14,4,16.817,0.078,4,16.633,0.309,3,NA,NA,0,NA,NA,0
154.714827,0.168,19.652911,0.291,NA,NA,0,NA,NA,0,NA,NA,0,18.07,0.144,1,17.571,0.222,1,NA,NA,0,NA,NA,0,NA,NA,0
154.717849,0.772,19.5089,0.284,NA,NA,0,NA,NA,0,NA,NA,0,18.03,0.137,1,17.625,0.211,1,NA,NA,0,NA,NA,0,NA,NA,0
154.718094,0.685,19.713865,0.492,16.752,0.132,2,17.757,0.217,2,NA,NA,0,17.102,0.138,4,16.409,0.049,4,16.168,0.065,4,NA,NA,0,NA,NA,0
154.725111,0.471,20.039453,0.4,16.451,0.08,4,17.16,0.181,4,NA,NA,0,16.692,0.128,5,16.281,0.137,5,15.991,0.163,4,NA,NA,0,NA,NA,0
154.732873,0.213,19.914068,0.485,NA,NA,0,NA,NA,0,NA,NA,0,18.01,0.144,1,17.65,0.238,1,NA,NA,0,NA,NA,0,NA,NA,0
154.734524,0.248,19.500251,0.238,12.145,0.043,6,12.552,0.237,6,NA,NA,0,12.515,0.432,6,11.981,0.053,5,11.843,0.263,6,11.861,0.125,3,NA,NA,0
154.734815,0.661,20.140605,0.82,NA,NA,0,NA,NA,0,NA,NA,0,17.35,0.081,5,16.712,0.124,5,16.246,0.214,1,NA,NA,0,NA,NA,0
154.736152,0.349,19.810297,0.465,15.365,0.099,5,16.315,0.311,5,NA,NA,0,15.904,0.132,5,14.881,0.051,5,14.504,0.044,5,NA,NA,0,NA,NA,0
154.73723,0.477,20.09584,0.383,14.283,0.036,6,14.737,0.243,6,NA,NA,0,14.491,0.139,5,14.125,0.048,5,14.036,0.037,5,NA,NA,0,NA,NA,0
154.740641,0.494,19.516286,0.63,17.132,0.01,2,17.602,0.043,2,NA,NA,0,17.414,0.306,3,16.94,0.086,3,NA,NA,0,NA,NA,0,NA,NA,0
154.74516,0.319,19.446484,0.526,16.315,0.058,3,16.971,0.143,3,NA,NA,0,16.466,0.155,5,16.17,0.07,5,15.904,0.161,5,NA,NA,0,NA,NA,0
154.746992,0.361,19.537453,0.305,16.079,0.046,2,17.236,0.087,2,NA,NA,0,16.647,0.21,5,15.621,0.067,5,15.183,0.088,5,NA,NA,0,NA,NA,0
154.750953,0.196,19.973122,0.221,14.654,0.043,6,15.19,0.253,6,NA,NA,0,14.915,0.119,5,14.485,0.039,5,14.405,0.052,5,NA,NA,0,NA,NA,0
154.751018,0.298,19.873308,0.388,14.521,0.043,6,15.014,0.24,6,NA,NA,0,14.836,0.473,6,14.3,0.056,5,14.038,0.341,6,13.89,0.227,1,NA,NA,0
154.752255,0.681,19.810268,0.911,NA,NA,0,NA,NA,0,NA,NA,0,17.597,0.174,5,16.375,0.101,5,15.306,0.163,5,NA,NA,0,NA,NA,0
154.752745,0.799,19.49916,0.179,NA,NA,0,NA,NA,0,NA,NA,0,17.896,0.048,2,17.342,0.006,2,NA,NA,0,NA,NA,0,NA,NA,0
154.75799,0.657,20.343286,0.546,16.175,0.089,6,16.955,0.221,6,NA,NA,0,16.582,0.154,6,15.869,0.173,6,15.77,0.128,5,NA,NA,0,NA,NA,0
154.758011,0.628,20.012665,0.317,16.876,0.043,2,17.571,0.1,2,NA,NA,0,17.21,0.105,3,16.741,0.131,3,16.857,0.315,1,NA,NA,0,NA,NA,0
154.762024,0.518,20.261048,0.347,14.918,0.064,6,15.914,0.28,6,NA,NA,0,15.375,0.131,5,14.586,0.033,5,14.307,0.029,5,NA,NA,0,NA,NA,0
154.762187,0.238,20.321094,0.372,14.63,0.039,6,15.582,0.284,6,NA,NA,0,15.126,0.362,6,14.262,0.028,5,13.887,0.275,6,13.198,0.167,1,NA,NA,0
154.765846,0.603,20.078388,0.15,NA,NA,0,NA,NA,0,NA,NA,0,18.143,0.146,1,16.837,0.122,1,16.234,0.199,1,NA,NA,0,NA,NA,0
154.766428,0.483,20.217129,0.314,16.603,0.006,2,17.356,0.079,2,NA,NA,0,16.96,0.134,5,16.112,0.077,5,15.698,0.11,5,NA,NA,0,NA,NA,0
154.766909,0.302,19.842874,0.304,14.045,0.043,6,13.989,0.198,6,NA,NA,0,14.023,0.453,6,14.17,0.048,5,14.269,0.292,6,NA,NA,0,NA,NA,0
154.767022,0.612,20.206339,0.645,15.882,0.095,6,16.415,0.148,6,NA,NA,0,16.089,0.143,5,15.758,0.079,5,15.532,0.09,5,NA,NA,0,NA,NA,0
154.770665,0.867,20.248909,0.694,16.462,0.031,5,17.011,0.256,5,NA,NA,0,16.728,0.161,5,16.2,0.03,5,16.062,0.142,5,NA,NA,0,NA,NA,0
154.772126,0.537,19.804394,0.285,17.3,0.164,1,17.645,0.157,1,NA,NA,0,17.528,0.062,2,17.035,0.185,3,NA,NA,0,NA,NA,0,NA,NA,0
154.77477,0.655,20.276069,0.49,15.692,0.064,4,16.772,0.34,4,NA,NA,0,16.319,0.126,5,15.153,0.06,5,14.768,0.051,5,NA,NA,0,NA,NA,0
154.780312,0.697,19.737518,0.302,17.143,0.143,1,17.8,0.173,1,NA,NA,0,17.307,0.155,4,16.894,0.094,4,NA,NA,0,NA,NA,0,NA,NA,0
154.783371,0.791,19.897648,0.519,16.252,0.059,3,17.113,0.391,3,NA,NA,0,16.772,0.107,3,15.846,0.045,3,15.502,0.12,3,NA,NA,0,NA,NA,0
154.783642,0.792,19.982219,0.63,16.871,0.072,2,17.125,0.011,2,NA,NA,0,17.038,0.17,5,16.405,0.098,5,16.153,0.281,2,NA,NA,0,NA,NA,0
154.784173,0.33,19.670273,0.228,15.33,0.048,5,15.791,0.067,5,NA,NA,0,15.495,0.113,5,15.201,0.019,5,15.069,0.119,5,NA,NA,0,NA,NA,0
154.784876,0.552,19.901109,0.312,NA,NA,0,NA,NA,0,NA,NA,0,17.352,0.019,2,16.232,0.017,2,15.945,0.051,2,NA,NA,0,NA,NA,0
154.785931,0.331,20.287993,0.24,15.344,0.042,6,15.944,0.203,6,NA,NA,0,15.682,0.136,5,15.138,0.041,5,14.962,0.124,5,NA,NA,0,NA,NA,0
154.786962,0.182,20.114815,0.173,11.546,0.04,6,12.524,0.261,6,NA,NA,0,12.163,0.432,6,11.092,0.032,5,10.742,0.051,8,10.642,0.137,3,NA,NA,0
154.787916,0.613,19.874136,0.936,NA,NA,0,NA,NA,0,NA,NA,0,17.655,0.128,4,16.411,0.071,4,15.683,0.188,4,NA,NA,0,NA,NA,0
154.789757,0.314,20.042212,0.182,13.126,0.039,6,13.83,0.239,6,NA,NA,0,13.554,0.423,6,12.867,0.039,5,12.554,0.293,6,12.652,0.058,3,NA,NA,0
154.791417,0.533,20.163918,0.483,16.395,0.097,1,17.485,0.174,1,NA,NA,0,17.027,0.163,5,16.09,0.062,5,15.797,0.2,5,NA,NA,0,NA,NA,0
154.792073,0.17,19.768125,0.128,11.849,0.036,6,12.272,0.213,6,NA,NA,0,12.118,0.438,6,11.715,0.048,5,11.531,0.279,6,11.638,0.11,3,NA,NA,0
154.793524,0.454,20.333847,0.416,16.612,0.098,1,17.606,0.148,1,NA,NA,0,16.974,0.129,4,16.416,0.049,5,16.185,0.151,5,NA,NA,0,NA,NA,0
154.79481,0.1,20.088544,0.066,NA,NA,0,NA,NA,0,NA,NA,0,18.085,0.143,1,16.969,0.133,1,16.197,0.179,1,NA,NA,0,NA,NA,0
154.795394,0.177,19.68296,0.167,13.037,0.043,6,13.154,0.191,6,NA,NA,0,13.115,0.435,6,13.075,0.045,5,13.094,0.277,6,13.205,0.153,3,NA,NA,0
154.797193,0.602,19.949844,0.503,16.033,0.087,4,16.697,0.24,4,NA,NA,0,16.371,0.09,4,15.776,0.056,4,15.583,0.113,4,NA,NA,0,NA,NA,0
154.797507,0.813,19.774093,0.555,17.151,0.009,2,17.567,0.026,2,NA,NA,0,17.563,0.141,1,16.952,0.156,1,16.445,0.253,1,NA,NA,0,NA,NA,0
154.800684,0.506,19.802022,0.773,NA,NA,0,NA,NA,0,NA,NA,0,17.518,0.187,3,16.602,0.113,4,16.345,0.208,4,NA,NA,0,NA,NA,0
154.802562,0.73,20.060883,0.513,15.694,0.063,6,16.305,0.234,6,NA,NA,0,15.888,0.162,5,15.458,0.05,5,15.386,0.071,5,NA,NA,0,NA,NA,0
154.810089,1.018,19.728339,0.474,16.877,0.116,1,18.216,0.249,1,NA,NA,0,17.579,0.264,5,16.418,0.094,5,15.825,0.179,5,NA,NA,0,NA,NA,0
154.8103,0.536,19.718336,0.625,17.018,0.113,2,17.72,0.143,2,NA,NA,0,17.5,0.217,3,16.741,0.167,3,16.459,0.191,2,NA,NA,0,NA,NA,0
154.811478,0.61,20.299801,0.453,NA,NA,0,NA,NA,0,NA,NA,0,17.414,0.047,2,16.57,0.085,4,16.139,0.373,2,NA,NA,0,NA,NA,0
154.815943,0.429,19.890421,0.355,14.966,0.027,6,15.587,0.251,6,NA,NA,0,15.277,0.12,5,14.758,0.042,5,14.613,0.056,5,NA,NA,0,NA,NA,0
154.81669,0.445,20.105431,0.286,NA,NA,0,NA,NA,0,NA,NA,0,17.837,0.074,2,16.551,0.042,2,15.855,0.145,2,NA,NA,0,NA,NA,0
154.820143,0.982,19.92845,0.804,16.826,0.111,1,17.998,0.207,1,NA,NA,0,17.36,0.105,3,16.613,0.106,3,16.099,0.079,3,NA,NA,0,NA,NA,0
154.823013,0.683,20.356279,0.618,16.854,0.182,3,17.401,0.087,2,NA,NA,0,17.205,0.102,4,16.52,0.107,4,16.222,0.114,4,NA,NA,0,NA,NA,0
154.823256,0.193,19.687969,0.367,17.162,0.155,1,17.801,0.171,1,NA,NA,0,17.569,0.187,2,16.94,0.052,2,NA,NA,0,NA,NA,0,NA,NA,0
154.825018,0.197,19.390527,0.031,NA,NA,0,NA,NA,0,NA,NA,0,18.376,0.185,1,17.651,0.222,1,NA,NA,0,NA,NA,0,NA,NA,0
154.82857,0.277,20.119738,0.283,14.936,0.037,6,15.862,0.212,6,NA,NA,0,15.422,0.122,5,14.527,0.037,5,14.202,0.026,5,NA,NA,0,NA,NA,0
154.82908,0.295,20.200869,0.476,12.609,0.037,6,13.44,0.259,6,NA,NA,0,13.11,0.448,6,12.094,0.459,6,11.915,0.329,6,12.006,0.144,3,NA,NA,0
154.829118,0.279,20.258589,0.246,13.252,0.032,6,13.732,0.233,6,NA,NA,0,13.518,0.447,6,13.092,0.045,5,12.857,0.28,6,12.904,0.097,3,NA,NA,0
154.831266,0.667,20.078564,0.576,16.594,0.171,3,17.378,0.147,3,NA,NA,0,16.895,0.144,5,16.403,0.055,5,16.165,0.067,4,NA,NA,0,NA,NA,0
154.833743,0.677,20.347394,0.383,15.846,0.077,6,16.626,0.198,6,NA,NA,0,16.208,0.126,6,15.562,0.04,6,15.47,0.2,6,NA,NA,0,NA,NA,0
154.833911,0.472,19.838761,0.493,17.261,0.054,2,17.375,0.134,2,NA,NA,0,17.481,0.066,2,17.138,0.079,2,NA,NA,0,NA,NA,0,NA,NA,0
154.837488,0.345,19.493784,0.297,14.19,0.042,6,14.711,0.224,6,NA,NA,0,14.455,0.097,5,13.981,0.049,5,13.847,0.025,5,13.568,0.195,1,NA,NA,0
154.838483,0.298,19.428783,0.298,14.616,0.05,6,15.241,0.251,6,NA,NA,0,14.939,0.095,5,14.366,0.065,5,14.178,0.048,5,NA,NA,0,NA,NA,0
154.839995,0.957,20.045506,0.748,16.709,0.12,4,17.33,0.222,4,NA,NA,0,17.015,0.093,5,16.434,0.163,5,16.134,0.157,3,NA,NA,0,NA,NA,0
154.840743,0.461,19.697689,0.396,14.665,0.017,5,15.329,0.208,5,NA,NA,0,14.912,0.037,3,14.415,0.035,2,14.271,0.061,3,NA,NA,0,NA,NA,0
154.841487,0.544,20.222477,0.805,16.104,0.051,4,16.571,0.252,4,NA,NA,0,16.336,0.074,4,16.028,0.12,4,15.871,0.085,4,NA,NA,0,NA,NA,0
154.842379,0.387,19.595545,0.403,16.277,0.055,3,17.296,0.092,2,NA,NA,0,16.809,0.095,4,15.908,0.046,4,15.656,0.087,4,NA,NA,0,NA,NA,0
154.842569,0.819,20.358078,0.005,NA,NA,0,NA,NA,0,NA,NA,0,18.029,0.141,1,17.346,0.208,1,NA,NA,0,NA,NA,0,NA,NA,0
154.843729,0.224,20.165415,0.098,11.223,0.134,7,12.039,0.245,6,NA,NA,0,11.75,0.449,6,10.998,0.046,6,10.813,0.064,8,10.767,0.147,3,NA,NA,0
154.84413,0.256,20.225693,0.52,NA,NA,0,NA,NA,0,NA,NA,0,17.584,0.045,2,16.246,0.079,2,16.01,0.062,2,NA,NA,0,NA,NA,0
154.849465,0.157,20.085872,0.157,NA,NA,0,NA,NA,0,NA,NA,0,18.024,0.133,1,16.677,0.106,1,15.764,0.131,1,NA,NA,0,NA,NA,0
154.8514,0.527,19.583258,0.659,NA,NA,0,NA,NA,0,NA,NA,0,18.325,0.176,1,16.942,0.124,1,15.943,0.142,1,NA,NA,0,NA,NA,0
154.854164,0.593,20.343633,0.497,15.851,0.056,7,16.673,0.183,7,NA,NA,0,16.305,0.148,6,15.583,0.078,6,15.259,0.067,6,NA,NA,0,NA,NA,0
154.85492,0.64,20.328958,0.254,14.991,0.048,6,15.709,0.253,6,NA,NA,0,15.319,0.104,5,14.715,0.041,5,14.504,0.077,5,NA,NA,0,NA,NA,0
154.855003,0.509,19.390056,0.62,17.096,0.217,1,16.95,0.189,1,NA,NA,0,17.711,0.22,3,16.611,0.028,3,16.016,0.114,3,NA,NA,0,NA,NA,0
154.855165,0.302,20.084705,0.542,14.559,0.061,6,15.622,0.278,6,NA,NA,0,15.143,0.081,5,14.175,0.048,5,13.762,0.024,5,13.553,0.006,2,NA,NA,0
154.857308,0.292,20.102526,0.302,14.773,0.029,6,15.3,0.227,6,NA,NA,0,15.022,0.112,5,14.599,0.055,5,14.423,0.034,5,NA,NA,0,NA,NA,0
154.858926,0.429,19.924714,0.473,14.025,0.036,6,14.599,0.241,6,NA,NA,0,14.385,0.487,6,13.62,0.485,6,13.552,0.295,6,13.428,0.188,1,NA,NA,0
154.867143,0.746,20.113315,0.258,NA,NA,0,NA,NA,0,NA,NA,0,17.669,0.08,2,16.803,0.065,2,NA,NA,0,NA,NA,0,NA,NA,0
154.870396,0.37,20.322429,0.265,14.101,0.041,6,15.014,0.255,6,NA,NA,0,14.608,0.424,6,13.494,0.433,6,13.211,0.303,6,13.099,0.089,3,NA,NA,0
154.872604,0.626,19.78664,0.644,16.58,0.094,1,17.559,0.139,1,NA,NA,0,17.261,0.15,4,16.061,0.051,4,15.757,0.206,4,NA,NA,0,NA,NA,0
154.876871,0.547,19.610693,0.623,16.377,0.005,2,17.186,0.119,2,NA,NA,0,16.637,0.113,3,16.142,0.125,3,16.067,0.178,3,NA,NA,0,NA,NA,0
154.878488,0.338,19.383403,0.661,15.977,0.099,3,17.256,0.115,3,NA,NA,0,16.709,0.042,5,15.483,0.068,5,14.918,0.068,5,NA,NA,0,NA,NA,0
154.878512,0.289,19.624753,0.349,15.331,0.062,6,16.271,0.187,6,NA,NA,0,15.808,0.087,4,15.047,0.059,4,14.83,0.052,4,NA,NA,0,NA,NA,0
154.88089,0.646,19.404845,0.546,15.683,0.049,6,16.258,0.255,6,NA,NA,0,15.992,0.2,3,15.37,0.05,3,15.099,0.017,2,NA,NA,0,NA,NA,0
154.885396,0.66,20.253641,0.576,16.757,0.169,3,17.443,0.35,3,NA,NA,0,16.938,0.169,5,16.502,0.078,5,16.293,0.129,3,NA,NA,0,NA,NA,0
154.888493,0.319,19.92866,0.272,12.132,0.03,3,12.932,0.31,3,NA,NA,0,13.653,0.024,1,10.584,0.004,1,10.708,0.004,1,11.492,0.114,3,NA,NA,0
154.888556,0.274,19.805095,0.375,15.206,0.025,5,15.741,0.185,5,NA,NA,0,15.43,0.079,5,14.989,0.045,5,14.88,0.117,5,NA,NA,0,NA,NA,0
154.893243,1.056,20.291486,0.581,NA,NA,0,NA,NA,0,NA,NA,0,17.707,0.153,4,16.876,0.143,4,16.284,0.206,1,NA,NA,0,NA,NA,0
154.893273,0.347,20.042009,0.274,15.107,0.044,6,15.66,0.212,6,NA,NA,0,15.364,0.093,5,14.899,0.054,5,14.822,0.034,5,NA,NA,0,NA,NA,0
154.89664,0.428,19.599427,0.141,NA,NA,0,NA,NA,0,NA,NA,0,17.871,0.127,1,16.65,0.102,1,15.837,0.135,1,NA,NA,0,NA,NA,0
154.897422,0.225,19.543,0.254,14.536,0.049,6,15.261,0.248,6,NA,NA,0,14.915,0.054,4,14.291,0.038,5,14.11,0.033,5,NA,NA,0,NA,NA,0
154.89925,0.469,19.86988,0.299,9.208,0.213,3,10.762,0.257,9,NA,NA,0,10.162,0.373,7,8.729,0.054,3,7.453,0.089,3,6.737,0.109,3,NA,NA,0
154.899473,0.623,19.690873,0.356,16.74,0.067,2,17.79,0.272,2,NA,NA,0,17.159,0.093,4,16.546,0.029,4,16.144,0.202,4,NA,NA,0,NA,NA,0
154.901155,0.263,20.027935,0.427,13.029,0.034,6,13.688,0.226,6,NA,NA,0,13.463,0.442,6,12.595,0.479,6,12.509,0.326,6,12.75,0.239,3,NA,NA,0
154.901431,0.209,19.894956,0.136,10.409,0.127,9,11.614,0.264,6,NA,NA,0,11.071,0.413,7,10.025,0.044,7,9.608,0.07,3,9.446,0.116,3,NA,NA,0
154.903396,0.181,20.08909,1.344,NA,NA,0,NA,NA,0,NA,NA,0,17.826,0.048,2,17.209,0.18,2,NA,NA,0,NA,NA,0,NA,NA,0
154.903435,0.46,19.553743,0.601,16.654,0.095,1,17.977,0.202,1,NA,NA,0,17.156,0.165,5,16.344,0.137,5,15.938,0.182,4,NA,NA,0,NA,NA,0
154.904796,0.776,20.278499,0.558,16.864,0.017,2,17.448,0.072,2,NA,NA,0,17.219,0.139,4,16.431,0.144,5,15.968,0.159,5,NA,NA,0,NA,NA,0
154.907547,0.562,19.845618,0.636,15.985,0.049,2,17.055,0.004,2,NA,NA,0,16.306,0.085,3,15.515,0.09,1,14.866,0.103,2,NA,NA,0,NA,NA,0
154.907698,0.359,19.950906,0.25,NA,NA,0,NA,NA,0,NA,NA,0,17.759,0.075,2,16.673,0.191,2,NA,NA,0,NA,NA,0,NA,NA,0
154.907851,0.326,19.599568,0.319,13.762,0.048,6,14.365,0.205,6,NA,NA,0,14.154,0.478,6,13.566,0.053,5,13.291,0.343,6,13.371,0.057,3,NA,NA,0
154.908222,0.597,19.980571,0.422,14.368,0.032,6,15.106,0.234,6,NA,NA,0,14.836,0.513,6,14.104,0.045,5,13.731,0.355,6,13.988,0.25,1,NA,NA,0
154.908574,0.642,19.720187,0.196,17.218,0.195,1,17.455,0.173,1,NA,NA,0,17.551,0.007,2,16.63,0.089,2,16.148,0.081,2,NA,NA,0,NA,NA,0
154.910554,0.341,20.154078,0.299,14.023,0.027,6,14.536,0.19,6,NA,NA,0,14.336,0.512,6,13.649,0.511,6,13.643,0.351,6,13.669,0.071,2,NA,NA,0
154.9113,0.43,20.285735,0.237,13.325,0.029,6,14.211,0.248,6,NA,NA,0,13.82,0.441,6,12.794,0.443,6,12.617,0.322,6,12.768,0.116,3,NA,NA,0
154.911526,0.844,19.738083,0.33,NA,NA,0,NA,NA,0,NA,NA,0,17.692,0.151,2,16.229,0.076,1,15.743,0.017,2,NA,NA,0,NA,NA,0
154.91226,0.99,20.36604,0.693,11.786,0.032,6,12.272,0.167,6,NA,NA,0,12.103,0.531,5,11.352,0.526,5,11.288,0.336,5,11.678,0.262,3,NA,NA,0
154.915751,1.105,20.368594,0.892,10.72,0.155,11,11.964,0.242,8,NA,NA,0,11.386,0.418,7,10.322,0.066,9,9.918,0.1,4,9.785,0.173,3,NA,NA,0
154.918117,0.538,19.939563,0.425,14.056,0.037,6,14.598,0.216,6,NA,NA,0,14.43,0.517,5,13.578,0.517,5,13.576,0.379,5,13.231,0.153,1,NA,NA,0
154.918905,0.32,19.391414,0.263,15.017,0.017,6,15.488,0.203,6,NA,NA,0,15.216,0.095,5,14.819,0.049,5,14.779,0.068,5,NA,NA,0,NA,NA,0
154.922107,0.907,20.093893,0.752,16.63,0.136,1,17.597,0.286,1,NA,NA,0,17.102,0.172,5,16.236,0.119,5,16.087,0.206,5,NA,NA,0,NA,NA,0
154.923501,0.722,20.119038,0.255,17.162,0.155,1,17.892,0.183,1,NA,NA,0,17.607,0.097,1,17.113,0.151,1,NA,NA,0,NA,NA,0,NA,NA,0
154.925107,0.171,19.999146,0.119,12.232,0.033,6,12.771,0.223,6,NA,NA,0,12.573,0.448,6,12.051,0.04,5,11.795,0.309,6,11.919,0.069,3,NA,NA,0
154.931829,0.286,19.525441,0.536,NA,NA,0,NA,NA,0,NA,NA,0,18.026,0.156,1,16.883,0.126,1,16.386,0.213,1,NA,NA,0,NA,NA,0
154.932553,0.655,20.332918,0.707,16.598,0.064,5,16.826,0.093,5,NA,NA,0,16.561,0.175,5,16.554,0.123,5,16.421,0.246,1,NA,NA,0,NA,NA,0
154.933224,0.639,19.47024,0.67,6.258,0.012,3,5.952,0.294,3,NA,NA,0,6.505,0.127,3,6.076,0.03,3,5.165,0.064,3,4.621,0.074,3,NA,NA,0
154.934173,0.601,19.983429,0.891,16.434,0.021,3,17.346,0.137,3,NA,NA,0,16.903,0.108,5,16.35,0.131,5,16.077,0.314,4,NA,NA,0,NA,NA,0
154.93538,0.229,19.606656,0.166,NA,NA,0,NA,NA,0,NA,NA,0,18.043,0.148,1,16.687,0.104,1,16.794,0.311,1,NA,NA,0,NA,NA,0
154.93682,0.465,19.626556,0.275,14.999,0.035,6,15.693,0.207,6,NA,NA,0,15.352,0.079,5,14.703,0.067,5,14.536,0.04,5,NA,NA,0,NA,NA,0
154.937801,0.837,20.032999,0.973,16.702,0.132,1,17.604,0.208,1,NA,NA,0,17.456,0.142,4,16.694,0.049,4,16.137,0.177,3,NA,NA,0,NA,NA,0
154.944359,0.417,20.216447,0.512,14.156,0.022,6,14.692,0.215,6,NA,NA,0,14.475,0.512,6,13.753,0.504,6,13.708,0.343,6,13.457,0.166,1,NA,NA,0
154.944737,0.647,20.253108,0.525,16.016,0.063,5,16.647,0.18,5,NA,NA,0,16.347,0.147,5,15.824,0.101,5,15.668,0.076,5,NA,NA,0,NA,NA,0
154.947627,0.382,19.704687,0.528,14.309,0.04,6,14.936,0.23,6,NA,NA,0,14.694,0.394,6,14.116,0.041,5,13.809,0.274,6,13.689,0.185,1,NA,NA,0
154.948266,0.521,19.7661,0.519,13.794,0.039,5,14.49,0.227,5,NA,NA,0,14.352,0.519,2,12.947,0.638,2,13.116,0.417,2,13.476,0.143,3,NA,NA,0
154.955484,0.428,19.98091,0.5,12.963,0.045,6,14.371,0.282,6,NA,NA,0,13.806,0.413,6,12.338,0.037,5,11.262,0.164,6,10.793,0.142,3,NA,NA,0
154.955747,0.514,19.943323,0.545,15.041,0.079,6,16.023,0.22,6,NA,NA,0,15.607,0.063,5,14.557,0.044,5,14.2,0.051,5,NA,NA,0,NA,NA,0
154.960278,0.322,20.116752,0.18,NA,NA,0,NA,NA,0,NA,NA,0,17.562,0.134,1,16.201,0.082,1,15.988,0.172,1,NA,NA,0,NA,NA,0
154.962091,0.814,20.122846,0.678,16.032,0.023,2,17.512,0.114,2,NA,NA,0,16.828,0.144,5,15.458,0.045,5,14.846,0.059,5,NA,NA,0,NA,NA,0
154.97521,0.606,19.564339,0.556,16.296,0.016,4,17.039,0.081,4,NA,NA,0,16.636,0.123,5,16.175,0.106,5,15.962,0.145,5,NA,NA,0,NA,NA,0
154.976151,0.205,20.08357,0.264,14.73,0.052,6,15.447,0.251,6,NA,NA,0,15.064,0.091,5,14.49,0.037,5,14.369,0.06,5,NA,NA,0,NA,NA,0
154.9767,0.491,19.549368,0.493,16.279,0.079,3,17.612,0.401,3,NA,NA,0,17.004,0.109,5,15.983,0.101,5,15.517,0.069,5,NA,NA,0,NA,NA,0
154.978137,0.487,19.671494,0.421,15.853,0.103,5,16.594,0.157,5,NA,NA,0,16.176,0.071,5,15.584,0.039,5,15.39,0.121,5,NA,NA,0,NA,NA,0
154.98046,0.496,19.62589,0.567,16.987,0.138,2,17.86,0.238,2,NA,NA,0,17.554,0.046,2,16.846,0.11,2,NA,NA,0,NA,NA,0,NA,NA,0
154.980503,0.33,19.446556,0.572,NA,NA,0,NA,NA,0,NA,NA,0,17.518,0.11,3,16.163,0.103,4,15.754,0.095,4,NA,NA,0,NA,NA,0
154.982194,0.593,19.645044,0.411,15.391,0.081,6,16.259,0.211,6,NA,NA,0,15.821,0.06,5,15.007,0.069,5,14.743,0.075,5,NA,NA,0,NA,NA,0
154.989578,0.502,20.122011,0.318,15.732,0.095,6,16.315,0.203,6,NA,NA,0,16.002,0.128,5,15.569,0.036,5,15.521,0.113,5,NA,NA,0,NA,NA,0
154.992432,0.264,19.677022,0.457,14.486,0.045,6,15.041,0.209,6,NA,NA,0,14.737,0.056,5,14.281,0.053,5,14.175,0.043,5,NA,NA,0,NA,NA,0
154.995038,0.613,19.8407,0.56,5.34,0.106,3,5.522,0.126,3,NA,NA,0,6.304,0.069,3,5.415,0.044,3,4.156,0.065,3,3.996,0.098,3,NA,NA,0
154.995891,0.254,19.51826,0.396,NA,NA,0,NA,NA,0,NA,NA,0,17.348,0.07,2,16.176,0.105,3,15.725,0.181,3,NA,NA,0,NA,NA,0
154.997512,0.838,19.628167,0.541,NA,NA,0,NA,NA,0,NA,NA,0,17.87,0.153,3,16.971,0.176,3,NA,NA,0,NA,NA,0,NA,NA,0
154.998152,0.591,20.12915,0.309,16.124,0.077,5,16.662,0.075,5,NA,NA,0,16.289,0.127,5,15.866,0.04,5,15.815,0.214,5,NA,NA,0,NA,NA,0
154.998653,0.414,19.398959,0.425,14.826,0.049,5,15.885,0.044,5,NA,NA,0,15.369,0.053,5,14.449,0.053,5,14.173,0.041,5,13.715,0.195,1,NA,NA,0
154.999326,0.161,19.610611,0.237,12.914,0.03,6,13.283,0.177,6,NA,NA,0,13.163,0.427,6,12.815,0.039,5,12.641,0.29,6,12.824,0.111,3,NA,NA,0
155.008913,0.648,19.442093,0.623,NA,NA,0,NA,NA,0,NA,NA,0,17.7,0.149,3,16.632,0.064,3,16.169,0.112,3,NA,NA,0,NA,NA,0
155.010989,0.385,19.735787,0.629,14.818,0.061,5,15.189,0.224,5,NA,NA,0,15.059,0.256,6,14.686,0.084,5,14.564,0.2,6,NA,NA,0,NA,NA,0
155.013538,0.295,20.164679,0.388,14.547,0.02,6,15.248,0.228,6,NA,NA,0,14.859,0.086,5,14.306,0.038,5,14.147,0.028,5,13.585,0.226,1,NA,NA,0
155.018797,0.69,19.748236,0.517,15.852,0.085,5,16.529,0.107,5,NA,NA,0,16.165,0.105,5,15.61,0.086,5,15.409,0.077,4,NA,NA,0,NA,NA,0
155.021933,0.543,20.12836,0.621,NA,NA,0,NA,NA,0,NA,NA,0,17.814,0.019,2,16.567,0.032,2,15.912,0.149,1,NA,NA,0,NA,NA,0
155.022598,0.177,19.417615,0.127,10.191,0.108,9,10.656,0.158,9,NA,NA,0,10.484,0.366,9,10.126,0.052,8,10.051,0.063,8,10.046,0.108,3,NA,NA,0
155.024566,0.351,19.630821,0.407,16.052,0.083,3,16.998,0.056,3,NA,NA,0,16.503,0.085,4,15.801,0.021,4,15.533,0.049,4,NA,NA,0,NA,NA,0
155.024578,0.791,20.084372,0.448,16.285,0.02,4,16.74,0.121,4,NA,NA,0,16.432,0.072,5,16.047,0.06,5,15.754,0.437,5,NA,NA,0,NA,NA,0
155.030554,0.159,20.055267,0.254,NA,NA,0,NA,NA,0,NA,NA,0,18.075,0.152,1,17.4,0.203,1,NA,NA,0,NA,NA,0,NA,NA,0
155.036111,0.528,19.431343,0.783,16.389,0.022,3,17.023,0.088,3,NA,NA,0,16.667,0.041,4,16.188,0.108,4,16.077,0.205,4,NA,NA,0,NA,NA,0
155.036354,0.318,19.674266,0.118,16.458,0.045,2,17.676,0.031,2,NA,NA,0,17.142,0.028,2,15.904,0.172,3,15.392,0.009,2,NA,NA,0,NA,NA,0
155.037752,0.269,19.599171,0.421,14.084,0.027,6,14.73,0.197,6,NA,NA,0,14.457,0.437,6,13.869,0.042,5,13.604,0.308,6,13.468,0.178,1,NA,NA,0
155.041641,0.39,20.010405,0.513,13.877,0.029,6,14.613,0.205,6,NA,NA,0,14.305,0.502,6,13.648,0.025,5,13.362,0.341,6,13.441,0.265,3,NA,NA,0
155.041787,0.217,19.398092,0.201,10.829,0.119,9,11.599,0.207,6,NA,NA,0,11.301,0.429,6,10.648,0.038,8,10.484,0.061,8,10.435,0.099,3,NA,NA,0
155.042594,0.186,19.48598,0.191,13.549,0.032,6,14.319,0.203,6,NA,NA,0,14.012,0.424,6,13.06,0.477,6,12.922,0.294,6,12.961,0.137,3,NA,NA,0
155.044194,0.467,20.242852,0.268,15.212,0.044,6,15.985,0.192,6,NA,NA,0,15.572,0.127,5,14.895,0.053,5,14.711,0.099,5,NA,NA,0,NA,NA,0
155.04508,0.642,19.512941,0.596,16.677,0.007,3,17.196,0.203,3,NA,NA,0,17.036,0.179,5,16.604,0.07,5,16.38,0.046,3,NA,NA,0,NA,NA,0
155.045993,0.195,19.644595,0.515,NA,NA,0,NA,NA,0,NA,NA,0,18.318,0.182,1,17.037,0.139,1,16.297,0.196,1,NA,NA,0,NA,NA,0
155.051226,0.23,20.243933,0.326,13.151,0.031,6,13.899,0.225,6,NA,NA,0,13.582,0.461,6,12.704,0.505,6,12.659,0.332,6,12.867,0.213,3,NA,NA,0
155.051911,0.548,19.52189,0.423,16.704,0.185,2,17.584,0.003,2,NA,NA,0,17.185,0.178,4,16.591,0.096,4,16.491,0.021,2,NA,NA,0,NA,NA,0
155.053319,0.736,19.531094,0.656,16.609,0.112,4,17.11,0.103,4,NA,NA,0,16.868,0.101,5,16.304,0.178,5,16.223,0.249,3,NA,NA,0,NA,NA,0
155.055051,0.527,19.539035,0.358,NA,NA,0,NA,NA,0,NA,NA,0,17.741,0.124,2,16.6,0.184,2,16.14,0.092,2,NA,NA,0,NA,NA,0
155.058608,0.151,19.578157,0.143,11.626,0.032,6,12.211,0.187,6,NA,NA,0,11.977,0.448,6,11.24,0.492,6,11.217,0.305,6,11.304,0.096,3,NA,NA,0
155.059297,0.436,19.715217,0.61,17.139,0.156,1,17.754,0.169,1,NA,NA,0,17.28,0.172,4,16.584,0.043,4,NA,NA,0,NA,NA,0,NA,NA,0
155.064867,0.399,19.735623,0.304,15.09,0.034,6,15.854,0.213,6,NA,NA,0,15.418,0.05,5,14.861,0.088,3,14.684,0.077,5,NA,NA,0,NA,NA,0
155.067046,0.129,19.797772,0.09,16.958,0.17,1,17.767,0.219,1,NA,NA,0,NA,NA,0,NA,NA,0,NA,NA,0,NA,NA,0,NA,NA,0
155.067411,1.022,19.562744,0.983,15.082,0.062,6,15.765,0.256,6,NA,NA,0,15.424,0.069,4,14.884,0.038,4,14.702,0.027,4,NA,NA,0,NA,NA,0
155.068748,0.151,20.210013,0.261,NA,NA,0,NA,NA,0,NA,NA,0,16.835,0.072,1,15.689,0.053,1,15.316,0.098,1,NA,NA,0,NA,NA,0
155.069078,0.191,20.215346,0.169,12.543,0.033,6,13.247,0.228,6,NA,NA,0,12.947,0.462,6,12.113,0.466,6,12.049,0.324,6,12.048,0.234,2,NA,NA,0
155.06953,0.133,19.557022,0.256,13.117,0.034,6,13.983,0.214,6,NA,NA,0,13.618,0.404,5,12.829,0.035,4,12.435,0.3,5,12.411,0.083,3,NA,NA,0
155.075496,0.151,19.869849,0.18,12.626,0.02,4,13.21,0.015,4,NA,NA,0,12.735,0.005,1,12.437,0.006,1,12.335,0.011,1,12.425,0.204,3,NA,NA,0
155.076779,0.251,19.7406,0.205,12.799,0.032,6,13.347,0.193,6,NA,NA,0,13.141,0.47,5,12.641,0.048,3,12.402,0.314,5,12.52,0.094,3,NA,NA,0
155.076869,0.296,20.080921,0.37,14.789,0.036,6,15.54,0.227,6,NA,NA,0,15.126,0.095,5,14.556,0.043,5,14.384,0.045,5,NA,NA,0,NA,NA,0
155.078512,0.323,19.604046,0.234,14.685,0.036,6,15.384,0.167,6,NA,NA,0,15.006,0.048,5,14.483,0.017,5,14.334,0.034,5,NA,NA,0,NA,NA,0
155.081021,0.554,19.656472,0.48,16.621,0.023,2,17.585,0.223,2,NA,NA,0,17.127,0.109,4,16.484,0.096,4,15.95,0.146,4,NA,NA,0,NA,NA,0
155.081168,0.445,20.154769,0.179,16.67,0.101,1,17.87,0.184,1,NA,NA,0,17.289,0.019,2,16.555,0.088,2,16.141,0.072,2,NA,NA,0,NA,NA,0
155.082826,0.548,19.687885,0.367,17.102,0.145,1,17.771,0.168,1,NA,NA,0,17.361,0.059,2,16.822,0.118,2,16.08,0.167,1,NA,NA,0,NA,NA,0
155.084476,0.348,19.564327,0.137,13.428,0.034,6,13.995,0.188,6,NA,NA,0,13.763,0.414,6,13.254,0.041,5,13.016,0.303,6,12.996,0.152,3,NA,NA,0
155.085388,0.536,20.174356,0.287,15.058,0.032,6,15.77,0.23,6,NA,NA,0,15.391,0.113,5,14.827,0.028,5,14.638,0.044,5,NA,NA,0,NA,NA,0
155.088303,0.2,20.296661,0.203,12.541,0.039,6,13.885,0.257,6,NA,NA,0,13.348,0.437,6,11.926,0.022,5,11.187,0.303,6,11.062,0.166,3,NA,NA,0
155.089548,0.373,19.981758,0.314,13.239,0.036,6,13.847,0.205,6,NA,NA,0,13.6,0.479,6,12.831,0.498,6,12.793,0.327,6,13.019,0.18,3,NA,NA,0
155.08961,0.723,19.773384,0.424,15.872,0.103,4,16.772,0.256,4,NA,NA,0,16.39,0.089,3,15.423,0.03,3,15.078,0.044,3,NA,NA,0,NA,NA,0
155.090264,0.795,19.623047,0.713,16.748,0.006,2,17.516,0.049,2,NA,NA,0,17.071,0.147,4,16.48,0.084,4,16.12,0.221,3,NA,NA,0,NA,NA,0
155.094846,0.443,19.99951,0.483,15.357,0.033,6,15.919,0.157,6,NA,NA,0,15.587,0.085,5,15.189,0.066,5,15.065,0.035,5,NA,NA,0,NA,NA,0
155.0954,0.143,19.5735,0.175,12.964,0.043,6,13.958,0.214,6,NA,NA,0,13.527,0.401,6,12.407,0.464,6,12.206,0.317,6,12.218,0.103,3,NA,NA,0
155.095502,0.562,20.234001,0.798,17.59,0.225,1,18.029,0.212,1,NA,NA,0,17.839,0.124,1,17.403,0.204,1,NA,NA,0,NA,NA,0,NA,NA,0
155.100044,0.635,19.85201,0.632,15.985,0.042,2,16.9,0.004,2,NA,NA,0,16.436,0.035,5,15.565,0.076,5,15.379,0.187,5,NA,NA,0,NA,NA,0
155.103755,0.648,19.563864,0.532,16.566,0.096,3,17.081,0.098,3,NA,NA,0,16.794,0.058,4,16.481,0.065,4,16.415,0.262,2,NA,NA,0,NA,NA,0
155.105054,0.553,20.088534,0.298,15.241,0.034,6,16.236,0.099,6,NA,NA,0,15.736,0.093,5,14.889,0.04,5,14.559,0.053,5,NA,NA,0,NA,NA,0
155.106327,0.141,19.634836,0.124,11.635,0.031,6,12.212,0.192,6,NA,NA,0,11.982,0.436,6,11.258,0.483,6,11.234,0.306,6,11.328,0.092,3,NA,NA,0
155.110751,0.34,19.983784,0.336,14.562,0.033,6,15.232,0.211,6,NA,NA,0,14.949,0.444,6,14.086,0.515,6,14.058,0.337,6,NA,NA,0,NA,NA,0
155.111174,0.538,20.244707,0.405,14.34,0.037,6,15.211,0.256,6,NA,NA,0,14.885,0.567,6,13.987,0.029,5,13.611,0.42,6,13.54,0.187,1,NA,NA,0
155.11182,0.459,19.883108,0.42,14.436,0.046,6,15.276,0.178,6,NA,NA,0,14.836,0.049,5,14.184,0.034,5,13.962,0.079,5,13.426,0.183,1,NA,NA,0
155.118276,0.508,20.196542,0.585,NA,NA,0,NA,NA,0,NA,NA,0,18.009,0.049,2,16.781,0.11,2,16.198,0.026,2,NA,NA,0,NA,NA,0
155.121019,0.275,19.737694,0.327,13.666,0.038,6,14.372,0.221,6,NA,NA,0,14.102,0.544,3,13.042,0.63,3,13.159,0.383,3,13.173,0.118,3,NA,NA,0
155.122223,0.449,19.542411,0.614,16.716,0.122,2,17.517,0.074,2,NA,NA,0,17.188,0.039,3,16.425,0.067,3,15.921,0.189,3,NA,NA,0,NA,NA,0
155.123019,0.763,19.552658,0.793,17.558,0.22,1,18.212,0.246,1,NA,NA,0,17.69,0.289,4,17.054,0.338,4,NA,NA,0,NA,NA,0,NA,NA,0
155.123685,0.835,19.871583,0.273,NA,NA,0,NA,NA,0,NA,NA,0,17.378,0.123,3,16.093,0.196,3,15.173,0.131,3,NA,NA,0,NA,NA,0
155.12686,0.478,20.054751,0.496,16.538,0.089,1,17.872,0.19,1,NA,NA,0,17.221,0.061,4,16.006,0.07,5,15.506,0.111,5,NA,NA,0,NA,NA,0
155.137539,0.406,19.907735,0.399,15.524,0.068,6,16.339,0.204,6,NA,NA,0,15.899,0.044,5,15.268,0.054,5,15.077,0.032,5,NA,NA,0,NA,NA,0
155.138966,0.372,19.746908,0.312,NA,NA,0,NA,NA,0,NA,NA,0,17.342,0.102,3,16.915,0.15,3,16.253,0.097,2,NA,NA,0,NA,NA,0
155.139003,0.537,19.900733,0.477,16.068,0.045,4,16.733,0.174,4,NA,NA,0,16.405,0.082,5,15.924,0.075,5,15.73,0.107,5,NA,NA,0,NA,NA,0
155.140899,1,20.173189,1.044,16.95,0.123,1,17.73,0.158,1,NA,NA,0,17.368,0.144,4,16.76,0.139,4,16.292,0.171,2,NA,NA,0,NA,NA,0
155.14983,0.268,19.554052,0.5,NA,NA,0,NA,NA,0,NA,NA,0,17.862,0.121,1,17.177,0.156,1,NA,NA,0,NA,NA,0,NA,NA,0
155.149986,0.228,19.68383,0.16,12.731,0.038,6,13.716,0.22,6,NA,NA,0,13.3,0.422,6,12.38,0.022,3,12.013,0.313,6,12.034,0.065,3,NA,NA,0
155.150155,0.317,20.153514,0.366,14.853,0.053,6,15.641,0.223,6,NA,NA,0,15.234,0.096,5,14.589,0.037,5,14.35,0.018,5,NA,NA,0,NA,NA,0
155.155239,0.663,19.997103,0.486,14.492,0.03,5,15.251,0.204,5,NA,NA,0,15.122,0.518,4,13.775,0.61,3,13.817,0.36,4,13.629,0.216,1,NA,NA,0
155.156053,0.654,20.205043,0.39,16.196,0.154,6,16.921,0.285,6,NA,NA,0,16.562,0.155,5,15.98,0.073,5,15.838,0.161,5,NA,NA,0,NA,NA,0
155.158476,0.185,19.958358,0.184,12.764,0.036,6,13.594,0.21,6,NA,NA,0,13.249,0.444,6,12.252,0.473,6,12.136,0.333,6,12.176,0.145,3,NA,NA,0
155.165336,0.424,20.280387,0.567,NA,NA,0,NA,NA,0,NA,NA,0,17.852,0.123,1,17.374,0.205,1,NA,NA,0,NA,NA,0,NA,NA,0
155.166934,0.446,20.252837,0.467,17.231,0.173,1,17.452,0.125,1,NA,NA,0,17.442,0.048,2,17.167,0.25,3,NA,NA,0,NA,NA,0,NA,NA,0
155.17307,0.607,20.155105,0.717,16.713,0.107,1,17.948,0.202,1,NA,NA,0,17.437,0.076,2,16.252,0.048,2,16.051,0.162,2,NA,NA,0,NA,NA,0
155.177168,0.91,19.718254,0.745,17.732,0.251,1,17.931,0.193,1,NA,NA,0,17.668,0.105,1,17.003,0.135,1,NA,NA,0,NA,NA,0,NA,NA,0
155.1786,0.255,19.499548,0.24,14.675,0.035,6,15.265,0.204,6,NA,NA,0,14.929,0.062,5,14.51,0.03,5,14.373,0.026,5,NA,NA,0,NA,NA,0
155.178746,0.722,20.277,0.475,16.171,0.006,5,16.883,0.318,5,NA,NA,0,16.493,0.06,5,15.883,0.075,5,15.708,0.109,5,NA,NA,0,NA,NA,0
155.179078,0.586,19.997918,0.417,13.979,0.026,6,14.837,0.225,6,NA,NA,0,14.463,0.436,6,13.466,0.467,6,13.387,0.325,6,13.341,0.223,3,NA,NA,0
155.179803,0.738,20.038236,0.533,16.935,0.142,1,17.853,0.187,1,NA,NA,0,17.364,0.235,3,16.349,0.019,2,15.997,0.042,2,NA,NA,0,NA,NA,0
155.181712,0.216,19.822932,0.202,NA,NA,0,NA,NA,0,NA,NA,0,18.018,0.142,1,16.858,0.135,1,15.858,0.143,1,NA,NA,0,NA,NA,0
155.182705,0.202,19.575259,0.345,13.168,0.039,6,13.987,0.19,6,NA,NA,0,13.678,0.47,6,12.892,0.029,5,12.535,0.34,6,12.569,0.121,3,NA,NA,0
155.183773,0.621,19.471299,0.33,15.974,0.041,5,16.897,0.168,5,NA,NA,0,16.372,0.045,3,15.637,0.054,3,15.274,0.106,3,NA,NA,0,NA,NA,0
155.188205,0.422,19.813025,0.328,13.48,0.036,6,14.356,0.195,6,NA,NA,0,14.002,0.405,6,12.961,0.446,6,12.8,0.304,6,12.925,0.074,3,NA,NA,0
155.188349,0.455,20.222688,0.558,NA,NA,0,NA,NA,0,NA,NA,0,17.677,0.175,2,17.174,0.071,3,16.6,0.301,1,NA,NA,0,NA,NA,0
155.189941,0.19,20.044564,0.112,10.672,0.121,9,11.78,0.234,6,NA,NA,0,11.313,0.434,6,10.363,0.034,8,10.029,0.051,7,9.9,0.139,3,NA,NA,0
155.191155,0.453,19.787888,0.304,16.646,0.077,2,17.389,0.139,2,NA,NA,0,16.986,0.178,4,16.702,0.168,4,16.353,0.202,1,NA,NA,0,NA,NA,0
155.198274,0.274,20.001742,0.364,15.786,0.031,4,16.757,0.062,3,NA,NA,0,16.263,0.069,5,15.445,0.068,5,15.209,0.114,5,NA,NA,0,NA,NA,0
155.198995,0.262,19.539038,0.095,7.957,0.163,3,8.312,0.095,3,NA,NA,0,8.179,0.048,3,7.981,0.031,3,7.906,0.084,3,7.976,0.109,3,NA,NA,0
155.201331,0.538,19.606337,0.381,16.67,0.113,2,17.4,0.052,2,NA,NA,0,17.027,0.058,3,16.413,0.056,3,16.324,0.265,3,NA,NA,0,NA,NA,0
155.205596,1,20.23617,0.895,NA,NA,0,NA,NA,0,NA,NA,0,18.422,0.231,2,16.749,0.016,2,15.991,0.104,2,NA,NA,0,NA,NA,0
155.209683,0.442,19.888506,0.347,15.491,0.036,6,16.086,0.169,6,NA,NA,0,15.738,0.052,5,15.317,0.072,5,15.085,0.09,5,NA,NA,0,NA,NA,0
155.219147,0.222,19.706962,0.418,NA,NA,0,NA,NA,0,NA,NA,0,18.111,0.144,1,17.371,0.182,1,16.361,0.209,1,NA,NA,0,NA,NA,0
155.221746,0.167,19.658965,0.237,17.513,0.199,1,18.106,0.217,1,NA,NA,0,17.534,0.063,2,17.255,0.041,2,NA,NA,0,NA,NA,0,NA,NA,0
155.222847,0.496,20.252825,0.41,NA,NA,0,NA,NA,0,NA,NA,0,17.681,0.056,2,16.937,0.024,2,16.459,0.247,1,NA,NA,0,NA,NA,0
155.228938,0.151,20.057564,0.197,12.6,0.027,6,13.322,0.207,6,NA,NA,0,13.022,0.448,6,12.154,0.487,6,12.093,0.303,6,12.214,0.133,3,NA,NA,0
155.231339,0.543,20.252796,0.246,14.905,0.027,6,15.54,0.232,6,NA,NA,0,15.215,0.123,5,14.705,0.029,5,14.544,0.041,5,NA,NA,0,NA,NA,0
155.23305,0.847,19.834263,0.957,NA,NA,0,NA,NA,0,NA,NA,0,18.21,0.197,2,17.252,0.169,2,NA,NA,0,NA,NA,0,NA,NA,0
155.234001,1.142,20.155945,0.712,16.989,0.126,2,17.159,0.234,2,NA,NA,0,17.106,0.014,2,16.473,0.116,2,NA,NA,0,NA,NA,0,NA,NA,0
155.234285,0.571,19.90306,0.71,15.584,0.031,6,16.159,0.17,6,NA,NA,0,15.823,0.052,5,15.407,0.038,5,15.208,0.054,5,NA,NA,0,NA,NA,0
155.240742,0.267,19.933859,0.312,13.312,0.026,6,13.924,0.198,6,NA,NA,0,13.673,0.415,6,13.132,0.032,5,12.895,0.29,6,13.015,0.126,3,NA,NA,0
155.240909,0.428,19.74699,0.157,16.038,0.004,3,16.804,0.064,3,NA,NA,0,16.43,0.054,5,15.781,0.075,5,15.567,0.057,5,NA,NA,0,NA,NA,0
155.246902,0.428,19.49288,0.134,NA,NA,0,NA,NA,0,NA,NA,0,18.379,0.178,1,16.973,0.133,1,16.392,0.221,1,NA,NA,0,NA,NA,0
155.247955,0.793,19.743696,0.468,15.916,0.081,4,16.586,0.246,4,NA,NA,0,16.261,0.063,3,15.647,0.01,3,15.494,0.077,3,NA,NA,0,NA,NA,0
155.248173,0.663,20.115514,0.47,15.443,0.07,6,16.711,0.29,6,NA,NA,0,16.065,0.052,5,14.933,0.033,5,14.477,0.039,5,NA,NA,0,NA,NA,0
155.249441,0.543,19.75617,0.301,14.178,0.045,6,14.814,0.19,6,NA,NA,0,14.56,0.445,6,13.754,0.498,6,13.724,0.334,6,NA,NA,0,NA,NA,0
155.251171,0.298,19.54257,0.272,14.856,0.034,6,15.584,0.195,6,NA,NA,0,15.198,0.051,5,14.595,0.039,5,14.379,0.05,5,NA,NA,0,NA,NA,0
155.252456,0.346,19.881269,0.318,15.073,0.057,6,15.959,0.244,6,NA,NA,0,15.53,0.084,5,14.807,0.038,5,14.608,0.073,5,NA,NA,0,NA,NA,0
155.254125,0.789,19.938239,0.687,16.549,0.105,3,17.258,0.199,3,NA,NA,0,16.813,0.093,5,16.388,0.07,5,16.035,0.079,4,NA,NA,0,NA,NA,0
155.254727,0.541,20.183599,0.239,NA,NA,0,NA,NA,0,NA,NA,0,17.914,0.124,1,16.994,0.146,1,NA,NA,0,NA,NA,0,NA,NA,0
155.258674,0.469,19.751088,0.796,NA,NA,0,NA,NA,0,NA,NA,0,17.668,0.053,2,16.57,0.009,2,16.227,0.001,2,NA,NA,0,NA,NA,0
155.259361,0.351,19.874087,0.534,13.617,0.033,6,14.329,0.2,6,NA,NA,0,14.046,0.446,6,13.183,0.494,6,13.135,0.34,6,13.318,0.189,3,NA,NA,0
155.261821,1.131,20.031271,0.457,17.151,0.15,1,17.746,0.165,1,NA,NA,0,17.437,0.051,2,17.31,0.079,2,NA,NA,0,NA,NA,0,NA,NA,0
155.262264,0.368,19.815932,0.203,15.001,0.028,6,15.647,0.044,5,NA,NA,0,15.31,0.061,5,14.845,0.041,5,14.703,0.052,5,NA,NA,0,NA,NA,0
155.265635,0.514,19.918593,0.461,16.919,0.129,1,18.145,0.24,1,NA,NA,0,17.629,0.092,2,16.572,0.041,2,16.087,0.165,2,NA,NA,0,NA,NA,0
155.271389,0.392,19.802957,0.762,NA,NA,0,NA,NA,0,NA,NA,0,18.216,0.168,1,17.427,0.212,1,NA,NA,0,NA,NA,0,NA,NA,0
155.275257,0.996,19.818265,0.537,NA,NA,0,NA,NA,0,NA,NA,0,18.334,0.178,1,16.924,0.138,1,15.594,0.118,1,NA,NA,0,NA,NA,0
155.276094,0.023,19.518725,0.426,NA,NA,0,NA,NA,0,NA,NA,0,17.989,0.185,1,17.07,0.167,1,NA,NA,0,NA,NA,0,NA,NA,0
155.276418,0.387,19.552567,0.404,15.734,0.059,5,16.453,0.13,5,NA,NA,0,16.047,0.082,5,15.538,0.056,5,15.389,0.1,5,NA,NA,0,NA,NA,0
155.276912,0.566,20.04575,0.039,NA,NA,0,NA,NA,0,NA,NA,0,18.202,0.166,1,17.664,0.252,1,NA,NA,0,NA,NA,0,NA,NA,0
155.277101,0.21,19.591118,0.167,13.119,0.028,6,13.684,0.172,6,NA,NA,0,13.482,0.442,6,12.727,0.509,6,12.75,0.313,6,12.883,0.131,3,NA,NA,0
155.279408,1.006,19.56262,0.917,16.659,0.097,1,18.078,0.219,1,NA,NA,0,17.367,0.132,4,16.422,0.107,4,15.98,0.108,2,NA,NA,0,NA,NA,0
155.279729,0.768,20.148923,0.604,NA,NA,0,NA,NA,0,NA,NA,0,17.696,0.197,4,16.116,0.135,4,15.516,0.071,4,NA,NA,0,NA,NA,0
155.280286,0.433,20.01004,0.364,14.796,0.045,6,16.204,0.276,6,NA,NA,0,15.565,0.037,5,14.188,0.031,5,13.431,0.043,5,12.995,0.247,3,NA,NA,0
155.281389,0.867,19.942094,0.668,16.399,0.08,4,17.053,0.178,4,NA,NA,0,16.779,0.166,4,15.96,0.056,4,15.823,0.132,4,NA,NA,0,NA,NA,0
155.283976,0.445,19.685588,0.354,14.897,0.043,6,15.702,0.22,6,NA,NA,0,15.271,0.057,5,14.632,0.032,5,14.475,0.034,5,NA,NA,0,NA,NA,0
155.285438,0.463,19.892191,0.356,16.581,0.041,2,17.305,0.024,2,NA,NA,0,16.832,0.092,3,16.454,0.124,4,16.229,0.066,2,NA,NA,0,NA,NA,0
155.288286,0.268,19.961725,0.346,14.132,0.037,6,15.109,0.23,6,NA,NA,0,14.651,0.042,5,13.75,0.029,5,13.454,0.04,5,13.479,0.139,3,NA,NA,0
155.288601,0.648,20.177194,0.379,15.149,0.02,6,15.74,0.146,6,NA,NA,0,15.444,0.079,5,14.995,0.02,5,14.868,0.075,5,NA,NA,0,NA,NA,0
155.291591,0.408,19.862851,0.43,14.552,0.028,6,15.163,0.128,6,NA,NA,0,14.923,0.39,6,14.362,0.05,5,14.143,0.268,6,NA,NA,0,NA,NA,0
155.291883,0.117,20.10976,0.192,12.421,0.016,5,13.164,0.031,5,NA,NA,0,12.762,0.07,5,12.211,0.032,5,12.05,0.025,5,12.094,0.124,3,NA,NA,0
155.292946,0.841,20.155748,0.475,15.907,0.066,6,16.968,0.201,6,NA,NA,0,16.459,0.105,5,15.492,0.072,5,15.131,0.073,5,NA,NA,0,NA,NA,0
155.293823,0.562,19.658158,0.507,NA,NA,0,NA,NA,0,NA,NA,0,17.321,0.096,3,16.884,0.121,3,NA,NA,0,NA,NA,0,NA,NA,0
155.294293,0.53,20.18336,0.242,15.28,0.026,6,16.146,0.183,6,NA,NA,0,15.694,0.067,5,15.049,0.034,5,14.746,0.046,5,NA,NA,0,NA,NA,0
155.295299,0.487,19.707828,0.397,15.319,0.02,6,15.821,0.167,6,NA,NA,0,15.544,0.041,5,15.146,0.046,5,14.994,0.09,5,NA,NA,0,NA,NA,0
155.295742,0.681,19.66793,0.543,16.504,0.085,1,17.622,0.139,1,NA,NA,0,17.022,0.027,4,15.938,0.067,4,15.701,0.073,4,NA,NA,0,NA,NA,0
155.296123,0.781,19.598359,0.996,15.819,0.036,5,16.755,0.219,5,NA,NA,0,16.257,0.033,3,15.53,0.019,3,15.301,0.12,3,NA,NA,0,NA,NA,0
155.296513,0.397,19.895702,0.357,16.077,0.084,3,17.114,0.229,3,NA,NA,0,16.558,0.043,4,15.679,0.021,4,15.446,0.124,4,NA,NA,0,NA,NA,0
155.30171,0.355,19.739977,0.361,15.493,0.001,2,16.624,0.038,2,NA,NA,0,NA,NA,0,NA,NA,0,NA,NA,0,NA,NA,0,NA,NA,0
155.301792,0.574,19.938051,0.252,15.194,0.033,5,16.139,0.256,5,NA,NA,0,15.692,0.042,5,14.863,0.033,5,14.613,0.062,5,NA,NA,0,NA,NA,0
155.302935,1.218,19.737785,1.347,15.087,0.094,5,16.077,0.322,4,NA,NA,0,NA,NA,0,NA,NA,0,NA,NA,0,NA,NA,0,NA,NA,0
155.303299,0.436,19.883644,0.353,15.045,0.034,6,15.656,0.147,6,NA,NA,0,15.338,0.048,5,14.85,0.028,5,14.654,0.055,5,NA,NA,0,NA,NA,0
155.307626,0.526,19.600425,0.415,NA,NA,0,NA,NA,0,NA,NA,0,17.849,0.084,3,16.259,0.065,3,15.21,0.043,3,NA,NA,0,NA,NA,0
155.312687,0.339,19.671919,0.592,NA,NA,0,NA,NA,0,NA,NA,0,17.777,0.111,1,17.004,0.135,1,NA,NA,0,NA,NA,0,NA,NA,0
155.315843,0.615,19.912544,0.518,15.616,0.043,4,16.724,0.11,4,NA,NA,0,16.122,0.054,5,15.21,0.022,5,14.874,0.032,5,NA,NA,0,NA,NA,0
155.316525,0.485,20.045401,0.449,17.307,0.177,1,17.686,0.156,1,NA,NA,0,17.178,0.089,3,16.689,0.085,3,NA,NA,0,NA,NA,0,NA,NA,0
155.318357,0.307,19.972369,0.345,NA,NA,0,NA,NA,0,NA,NA,0,18.427,0.19,1,17.135,0.014,2,16.228,0.199,1,NA,NA,0,NA,NA,0
155.319765,0.685,19.74527,0.576,17.115,0.147,1,17.957,0.192,1,NA,NA,0,17.321,0.136,4,16.671,0.131,4,16.3,0.04,2,NA,NA,0,NA,NA,0
155.322116,0.418,19.652041,0.478,15.079,0.032,6,15.82,0.179,6,NA,NA,0,15.457,0.081,5,14.791,0.038,5,14.426,0.037,5,NA,NA,0,NA,NA,0
155.322513,0.729,19.612512,0.344,16.439,0.095,1,17.46,0.164,1,NA,NA,0,17.006,0.03,4,15.729,0.038,4,15.127,0.068,4,NA,NA,0,NA,NA,0
155.324198,0.529,20.041389,0.604,15.419,0.088,6,16.238,0.251,6,NA,NA,0,15.867,0.038,5,15.089,0.03,5,14.852,0.112,5,NA,NA,0,NA,NA,0
155.325596,0.12,20.149036,0.155,12.347,0.03,6,13.147,0.205,6,NA,NA,0,12.814,0.443,6,11.858,0.463,6,11.727,0.321,6,11.848,0.186,3,NA,NA,0
155.332521,0.3,19.598129,0.275,14.704,0.033,6,15.285,0.204,6,NA,NA,0,14.98,0.054,5,14.528,0.043,5,14.382,0.03,5,NA,NA,0,NA,NA,0
155.335003,0.463,19.842474,0.431,NA,NA,0,NA,NA,0,NA,NA,0,17.719,0.039,2,16.89,0.155,2,NA,NA,0,NA,NA,0,NA,NA,0
155.337587,0.197,20.061234,0.362,NA,NA,0,NA,NA,0,NA,NA,0,17.848,0.115,1,17.144,0.165,1,NA,NA,0,NA,NA,0,NA,NA,0
155.337831,0.787,19.887087,0.299,17.034,0.111,2,17.792,0.086,2,NA,NA,0,17.459,0.109,3,16.741,0.084,4,16.355,0.21,1,NA,NA,0,NA,NA,0
155.338118,0.013,19.591261,0.091,NA,NA,0,NA,NA,0,NA,NA,0,18.278,0.16,1,17.294,0.173,1,NA,NA,0,NA,NA,0,NA,NA,0
155.339419,0.617,19.810204,0.524,16.045,0.053,4,16.857,0.181,4,NA,NA,0,16.471,0.051,5,15.76,0.093,5,15.455,0.074,5,NA,NA,0,NA,NA,0
155.342121,0.709,20.106818,0.86,NA,NA,0,NA,NA,0,NA,NA,0,17.523,0.095,4,16.765,0.034,4,16.271,0.234,3,NA,NA,0,NA,NA,0
155.350199,0.603,19.837297,0.714,16.183,0.04,2,17.096,0.063,2,NA,NA,0,16.687,0.098,5,15.625,0.023,5,15.136,0.109,5,NA,NA,0,NA,NA,0
155.36072,0.787,20.119086,0.557,16.834,0.161,2,17.45,0.106,2,NA,NA,0,16.964,0.118,5,16.523,0.166,5,16.326,0.236,3,NA,NA,0,NA,NA,0
155.360864,0.932,19.833817,0.638,16.576,0.091,1,17.61,0.141,1,NA,NA,0,17.121,0.081,5,16.341,0.074,5,15.783,0.173,4,NA,NA,0,NA,NA,0
155.362298,0.319,19.971521,0.178,NA,NA,0,NA,NA,0,NA,NA,0,17.763,0.004,2,17.417,0.101,2,NA,NA,0,NA,NA,0,NA,NA,0
155.364624,0.742,20.02893,0.744,16.741,0.054,3,17.563,0.242,3,NA,NA,0,17.193,0.231,4,16.234,0.026,4,15.984,0.243,4,NA,NA,0,NA,NA,0
155.371073,0.666,19.88784,0.765,16.764,0.075,3,17.436,0.314,3,NA,NA,0,17.184,0.104,4,16.722,0.181,4,16.292,0.198,1,NA,NA,0,NA,NA,0
155.378106,0.46,19.784251,0.455,NA,NA,0,NA,NA,0,NA,NA,0,17.83,0.013,2,16.484,0.077,3,15.616,0.073,3,NA,NA,0,NA,NA,0
155.380646,0.369,19.720763,0.359,16.866,0.111,2,17.737,0.171,2,NA,NA,0,17.618,0.117,2,16.52,0.072,2,16.107,0.026,2,NA,NA,0,NA,NA,0
155.381751,0.23,20.034644,0.074,NA,NA,0,NA,NA,0,NA,NA,0,18.072,0.143,1,17.362,0.195,1,NA,NA,0,NA,NA,0,NA,NA,0
155.382211,0.876,19.831699,0.736,16.947,0.128,1,17.906,0.186,1,NA,NA,0,17.622,0.152,4,16.439,0.069,4,16.159,0.152,3,NA,NA,0,NA,NA,0
155.382287,0.45,20.069821,0.365,15.608,0.063,6,16.322,0.177,6,NA,NA,0,15.94,0.07,5,15.405,0.076,5,15.194,0.05,5,NA,NA,0,NA,NA,0
155.395941,0.455,20.009362,0.206,14.866,0.033,6,15.441,0.176,6,NA,NA,0,15.153,0.066,5,14.713,0.042,5,14.566,0.03,5,NA,NA,0,NA,NA,0
155.412316,0.474,19.851764,0.678,16.275,0.028,2,17.4,0.117,2,NA,NA,0,16.922,0.055,5,15.941,0.07,5,15.485,0.122,5,NA,NA,0,NA,NA,0
155.419486,0.915,19.932788,1.069,NA,NA,0,NA,NA,0,NA,NA,0,17.811,0.103,3,16.583,0.013,3,16.055,0.402,3,NA,NA,0,NA,NA,0
155.422392,0.502,19.895249,0.457,15.541,0.052,6,16.116,0.179,6,NA,NA,0,15.824,0.045,5,15.335,0.06,5,15.212,0.041,5,NA,NA,0,NA,NA,0
